	A	A	A	A	T	T
A	0	0	0	0	14960	2918
C	1899	6100	3272	1701	9905	2184
G	1973	5746	1160	1869	2849	3774
T	1617	4008	2633	5134	0	0
INS	655	1026	1574	2812	9841	1280
DEL	285	135	228	3098	7176	634


	A	A	A	T	T	T
A	0	0	0	5296	1933	1058
C	1458	2765	918	1717	972	1307
G	1297	959	1830	927	2893	1423
T	1132	1770	5051	0	0	0
INS	280	584	2696	393	360	497
DEL	52	166	3263	52	49	235


	A	A	T	A	T	T
A	0	0	566	0	725	425
C	471	408	1261	382	2412	403
G	404	2302	398	1254	429	529
T	402	703	0	512	0	0
INS	175	224	39	1003	155	156
DEL	82	168	105	788	30	120