	A	A	A	A	T	T
A	0	0	0	0	8777	1833
C	1067	4129	2027	1012	7253	1293
G	1085	4253	778	1172	1751	2266
T	850	2762	1667	2861	0	0
INS	307	513	797	1425	5241	712
DEL	186	90	152	2257	4710	387


	A	A	A	T	T	T
A	0	0	0	2890	1287	670
C	920	1793	550	1167	678	850
G	860	682	1259	561	1850	897
T	686	1221	2827	0	0	0
INS	134	294	1443	183	185	254
DEL	40	106	2265	35	32	132


	A	A	T	A	T	T
A	0	0	340	0	475	252
C	257	241	773	197	1720	240
G	225	1648	233	757	271	307
T	219	447	0	311	0	0
INS	104	118	18	531	76	86
DEL	53	109	75	533	14	70


